train\s_0\1.pgm,0
train\s_0\10.pgm,0
train\s_0\2.pgm,0
train\s_0\3.pgm,0
train\s_0\4.pgm,0
train\s_0\5.pgm,0
train\s_0\6.pgm,0
train\s_0\7.pgm,0
train\s_0\8.pgm,0
train\s_0\9.pgm,0
train\s_1\1.pgm,1
train\s_1\10.pgm,1
train\s_1\2.pgm,1
train\s_1\3.pgm,1
train\s_1\4.pgm,1
train\s_1\5.pgm,1
train\s_1\6.pgm,1
train\s_1\7.pgm,1
train\s_1\8.pgm,1
train\s_1\9.pgm,1
train\s_10\1.pgm,10
train\s_10\10.pgm,10
train\s_10\2.pgm,10
train\s_10\3.pgm,10
train\s_10\4.pgm,10
train\s_10\5.pgm,10
train\s_10\6.pgm,10
train\s_10\7.pgm,10
train\s_10\8.pgm,10
train\s_10\9.pgm,10
train\s_11\1.pgm,11
train\s_11\10.pgm,11
train\s_11\2.pgm,11
train\s_11\3.pgm,11
train\s_11\4.pgm,11
train\s_11\5.pgm,11
train\s_11\6.pgm,11
train\s_11\7.pgm,11
train\s_11\8.pgm,11
train\s_11\9.pgm,11
train\s_12\1.pgm,12
train\s_12\10.pgm,12
train\s_12\2.pgm,12
train\s_12\3.pgm,12
train\s_12\4.pgm,12
train\s_12\5.pgm,12
train\s_12\6.pgm,12
train\s_12\7.pgm,12
train\s_12\8.pgm,12
train\s_12\9.pgm,12
train\s_13\1.pgm,13
train\s_13\10.pgm,13
train\s_13\2.pgm,13
train\s_13\3.pgm,13
train\s_13\4.pgm,13
train\s_13\5.pgm,13
train\s_13\6.pgm,13
train\s_13\7.pgm,13
train\s_13\8.pgm,13
train\s_13\9.pgm,13
train\s_14\1.pgm,14
train\s_14\10.pgm,14
train\s_14\2.pgm,14
train\s_14\3.pgm,14
train\s_14\4.pgm,14
train\s_14\5.pgm,14
train\s_14\6.pgm,14
train\s_14\7.pgm,14
train\s_14\8.pgm,14
train\s_14\9.pgm,14
train\s_15\1.pgm,15
train\s_15\10.pgm,15
train\s_15\2.pgm,15
train\s_15\3.pgm,15
train\s_15\4.pgm,15
train\s_15\5.pgm,15
train\s_15\6.pgm,15
train\s_15\7.pgm,15
train\s_15\8.pgm,15
train\s_15\9.pgm,15
train\s_16\1.pgm,16
train\s_16\10.pgm,16
train\s_16\2.pgm,16
train\s_16\3.pgm,16
train\s_16\4.pgm,16
train\s_16\5.pgm,16
train\s_16\6.pgm,16
train\s_16\7.pgm,16
train\s_16\8.pgm,16
train\s_16\9.pgm,16
train\s_17\1.pgm,17
train\s_17\10.pgm,17
train\s_17\2.pgm,17
train\s_17\3.pgm,17
train\s_17\4.pgm,17
train\s_17\5.pgm,17
train\s_17\6.pgm,17
train\s_17\7.pgm,17
train\s_17\8.pgm,17
train\s_17\9.pgm,17
train\s_18\1.pgm,18
train\s_18\10.pgm,18
train\s_18\2.pgm,18
train\s_18\3.pgm,18
train\s_18\4.pgm,18
train\s_18\5.pgm,18
train\s_18\6.pgm,18
train\s_18\7.pgm,18
train\s_18\8.pgm,18
train\s_18\9.pgm,18
train\s_19\1.pgm,19
train\s_19\10.pgm,19
train\s_19\2.pgm,19
train\s_19\3.pgm,19
train\s_19\4.pgm,19
train\s_19\5.pgm,19
train\s_19\6.pgm,19
train\s_19\7.pgm,19
train\s_19\8.pgm,19
train\s_19\9.pgm,19
train\s_2\1.pgm,2
train\s_2\10.pgm,2
train\s_2\2.pgm,2
train\s_2\3.pgm,2
train\s_2\4.pgm,2
train\s_2\5.pgm,2
train\s_2\6.pgm,2
train\s_2\7.pgm,2
train\s_2\8.pgm,2
train\s_2\9.pgm,2
train\s_20\1.pgm,20
train\s_20\10.pgm,20
train\s_20\2.pgm,20
train\s_20\3.pgm,20
train\s_20\4.pgm,20
train\s_20\5.pgm,20
train\s_20\6.pgm,20
train\s_20\7.pgm,20
train\s_20\8.pgm,20
train\s_20\9.pgm,20
train\s_21\1.pgm,21
train\s_21\10.pgm,21
train\s_21\2.pgm,21
train\s_21\3.pgm,21
train\s_21\4.pgm,21
train\s_21\5.pgm,21
train\s_21\6.pgm,21
train\s_21\7.pgm,21
train\s_21\8.pgm,21
train\s_21\9.pgm,21
train\s_22\1.pgm,22
train\s_22\10.pgm,22
train\s_22\2.pgm,22
train\s_22\3.pgm,22
train\s_22\4.pgm,22
train\s_22\5.pgm,22
train\s_22\6.pgm,22
train\s_22\7.pgm,22
train\s_22\8.pgm,22
train\s_22\9.pgm,22
train\s_23\1.pgm,23
train\s_23\10.pgm,23
train\s_23\2.pgm,23
train\s_23\3.pgm,23
train\s_23\4.pgm,23
train\s_23\5.pgm,23
train\s_23\6.pgm,23
train\s_23\7.pgm,23
train\s_23\8.pgm,23
train\s_23\9.pgm,23
train\s_24\1.pgm,24
train\s_24\10.pgm,24
train\s_24\2.pgm,24
train\s_24\3.pgm,24
train\s_24\4.pgm,24
train\s_24\5.pgm,24
train\s_24\6.pgm,24
train\s_24\7.pgm,24
train\s_24\8.pgm,24
train\s_24\9.pgm,24
train\s_25\1.pgm,25
train\s_25\10.pgm,25
train\s_25\2.pgm,25
train\s_25\3.pgm,25
train\s_25\4.pgm,25
train\s_25\5.pgm,25
train\s_25\6.pgm,25
train\s_25\7.pgm,25
train\s_25\8.pgm,25
train\s_25\9.pgm,25
train\s_26\1.pgm,26
train\s_26\10.pgm,26
train\s_26\2.pgm,26
train\s_26\3.pgm,26
train\s_26\4.pgm,26
train\s_26\5.pgm,26
train\s_26\6.pgm,26
train\s_26\7.pgm,26
train\s_26\8.pgm,26
train\s_26\9.pgm,26
train\s_27\1.pgm,27
train\s_27\10.pgm,27
train\s_27\2.pgm,27
train\s_27\3.pgm,27
train\s_27\4.pgm,27
train\s_27\5.pgm,27
train\s_27\6.pgm,27
train\s_27\7.pgm,27
train\s_27\8.pgm,27
train\s_27\9.pgm,27
train\s_28\1.pgm,28
train\s_28\10.pgm,28
train\s_28\2.pgm,28
train\s_28\3.pgm,28
train\s_28\4.pgm,28
train\s_28\5.pgm,28
train\s_28\6.pgm,28
train\s_28\7.pgm,28
train\s_28\8.pgm,28
train\s_28\9.pgm,28
train\s_29\1.pgm,29
train\s_29\10.pgm,29
train\s_29\2.pgm,29
train\s_29\3.pgm,29
train\s_29\4.pgm,29
train\s_29\5.pgm,29
train\s_29\6.pgm,29
train\s_29\7.pgm,29
train\s_29\8.pgm,29
train\s_29\9.pgm,29
train\s_3\1.pgm,3
train\s_3\10.pgm,3
train\s_3\2.pgm,3
train\s_3\3.pgm,3
train\s_3\4.pgm,3
train\s_3\5.pgm,3
train\s_3\6.pgm,3
train\s_3\7.pgm,3
train\s_3\8.pgm,3
train\s_3\9.pgm,3
train\s_30\1.pgm,30
train\s_30\10.pgm,30
train\s_30\2.pgm,30
train\s_30\3.pgm,30
train\s_30\4.pgm,30
train\s_30\5.pgm,30
train\s_30\6.pgm,30
train\s_30\7.pgm,30
train\s_30\8.pgm,30
train\s_30\9.pgm,30
train\s_31\1.pgm,31
train\s_31\10.pgm,31
train\s_31\2.pgm,31
train\s_31\3.pgm,31
train\s_31\4.pgm,31
train\s_31\5.pgm,31
train\s_31\6.pgm,31
train\s_31\7.pgm,31
train\s_31\8.pgm,31
train\s_31\9.pgm,31
train\s_32\1.pgm,32
train\s_32\10.pgm,32
train\s_32\2.pgm,32
train\s_32\3.pgm,32
train\s_32\4.pgm,32
train\s_32\5.pgm,32
train\s_32\6.pgm,32
train\s_32\7.pgm,32
train\s_32\8.pgm,32
train\s_32\9.pgm,32
train\s_33\1.pgm,33
train\s_33\10.pgm,33
train\s_33\2.pgm,33
train\s_33\3.pgm,33
train\s_33\4.pgm,33
train\s_33\5.pgm,33
train\s_33\6.pgm,33
train\s_33\7.pgm,33
train\s_33\8.pgm,33
train\s_33\9.pgm,33
train\s_34\1.pgm,34
train\s_34\10.pgm,34
train\s_34\2.pgm,34
train\s_34\3.pgm,34
train\s_34\4.pgm,34
train\s_34\5.pgm,34
train\s_34\6.pgm,34
train\s_34\7.pgm,34
train\s_34\8.pgm,34
train\s_34\9.pgm,34
train\s_35\1.pgm,35
train\s_35\10.pgm,35
train\s_35\2.pgm,35
train\s_35\3.pgm,35
train\s_35\4.pgm,35
train\s_35\5.pgm,35
train\s_35\6.pgm,35
train\s_35\7.pgm,35
train\s_35\8.pgm,35
train\s_35\9.pgm,35
train\s_36\1.pgm,36
train\s_36\10.pgm,36
train\s_36\2.pgm,36
train\s_36\3.pgm,36
train\s_36\4.pgm,36
train\s_36\5.pgm,36
train\s_36\6.pgm,36
train\s_36\7.pgm,36
train\s_36\8.pgm,36
train\s_36\9.pgm,36
train\s_37\1.pgm,37
train\s_37\10.pgm,37
train\s_37\2.pgm,37
train\s_37\3.pgm,37
train\s_37\4.pgm,37
train\s_37\5.pgm,37
train\s_37\6.pgm,37
train\s_37\7.pgm,37
train\s_37\8.pgm,37
train\s_37\9.pgm,37
train\s_38\1.pgm,38
train\s_38\10.pgm,38
train\s_38\2.pgm,38
train\s_38\3.pgm,38
train\s_38\4.pgm,38
train\s_38\5.pgm,38
train\s_38\6.pgm,38
train\s_38\7.pgm,38
train\s_38\8.pgm,38
train\s_38\9.pgm,38
train\s_39\1.pgm,39
train\s_39\10.pgm,39
train\s_39\2.pgm,39
train\s_39\3.pgm,39
train\s_39\4.pgm,39
train\s_39\5.pgm,39
train\s_39\6.pgm,39
train\s_39\7.pgm,39
train\s_39\8.pgm,39
train\s_39\9.pgm,39
train\s_4\1.pgm,4
train\s_4\10.pgm,4
train\s_4\2.pgm,4
train\s_4\3.pgm,4
train\s_4\4.pgm,4
train\s_4\5.pgm,4
train\s_4\6.pgm,4
train\s_4\7.pgm,4
train\s_4\8.pgm,4
train\s_4\9.pgm,4
train\s_5\1.pgm,5
train\s_5\10.pgm,5
train\s_5\2.pgm,5
train\s_5\3.pgm,5
train\s_5\4.pgm,5
train\s_5\5.pgm,5
train\s_5\6.pgm,5
train\s_5\7.pgm,5
train\s_5\8.pgm,5
train\s_5\9.pgm,5
train\s_6\1.pgm,6
train\s_6\10.pgm,6
train\s_6\2.pgm,6
train\s_6\3.pgm,6
train\s_6\4.pgm,6
train\s_6\5.pgm,6
train\s_6\6.pgm,6
train\s_6\7.pgm,6
train\s_6\8.pgm,6
train\s_6\9.pgm,6
train\s_7\1.pgm,7
train\s_7\10.pgm,7
train\s_7\2.pgm,7
train\s_7\3.pgm,7
train\s_7\4.pgm,7
train\s_7\5.pgm,7
train\s_7\6.pgm,7
train\s_7\7.pgm,7
train\s_7\8.pgm,7
train\s_7\9.pgm,7
train\s_8\1.pgm,8
train\s_8\10.pgm,8
train\s_8\2.pgm,8
train\s_8\3.pgm,8
train\s_8\4.pgm,8
train\s_8\5.pgm,8
train\s_8\6.pgm,8
train\s_8\7.pgm,8
train\s_8\8.pgm,8
train\s_8\9.pgm,8
train\s_9\1.pgm,9
train\s_9\10.pgm,9
train\s_9\2.pgm,9
train\s_9\3.pgm,9
train\s_9\4.pgm,9
train\s_9\5.pgm,9
train\s_9\6.pgm,9
train\s_9\7.pgm,9
train\s_9\8.pgm,9
train\s_9\9.pgm,9
